{"train_loss": NaN, "epoch": 0, "trainer/global_step": 12499, "_timestamp": 1706861152.260148, "_runtime": 315.07387709617615, "_step": 250, "val_loss": NaN, "_wandb": {"runtime": 314}}