train_loss,epoch,step,val_loss
0.0029762439004898944,0,49,
,0,62,0.0028216921215528713
0.0014753266961311517,1,99,
,1,125,0.002593267310978536
0.003484616288757625,2,149,
,2,188,0.0026189604944413035
0.0009442300122151082,3,199,
-0.001224780239764467,3,249,
,3,251,0.0033412001919989223
-0.0013854882880832697,4,299,
,4,314,0.005960674684513016
0.0020832005226112393,5,349,
,5,377,0.015053974922432423
0.004385271785749989,6,399,
,6,440,0.016175593176949204
