{"lr-AdamW": 5e-06, "trainer/global_step": 409, "_timestamp": 1707833573.000516, "_runtime": 158.44578289985657, "_step": 83, "train_loss": -0.19067205023233647, "epoch": 2, "val_loss": -0.13408274196605113, "_wandb": {"runtime": 157}}