{"lr-AdamW": 5e-06, "trainer/global_step": 59, "_timestamp": 1707821953.9376526, "_runtime": 2374.6272296905518, "_step": 11, "train_loss": -0.005753910695209141, "epoch": 0}