{"lr-AdamW": 5e-06, "trainer/global_step": 39, "_timestamp": 1707822119.2623427, "_runtime": 89.82014465332031, "_step": 7, "train_loss": -0.0007608073724101327, "epoch": 0, "_wandb": {"runtime": 93}}