{"lr-AdamW": 0.005000000000000001, "trainer/global_step": 839, "_timestamp": 1707210591.9959335, "_runtime": 2846.753955602646, "_step": 209, "train_loss": -0.5330724883440834, "epoch": 41, "val_loss": -0.540042143965208}