{"lr-AdamW": 5e-06, "trainer/global_step": 589, "_timestamp": 1707832740.1108646, "_runtime": 10179.959691524506, "_step": 120, "train_loss": -0.26030198657205217, "epoch": 3, "val_loss": -0.22737789907090172}