{"lr-AdamW": 0.05, "trainer/global_step": 359, "_timestamp": 1707836743.259729, "_runtime": 64.1948618888855, "_step": 71, "train_loss": -0.00020789938364607075, "epoch": 0, "_wandb": {"runtime": 63}}