{"train_loss": NaN, "epoch": 0, "trainer/global_step": 2499, "_timestamp": 1706801199.6860888, "_runtime": 117.25430488586426, "_step": 50, "val_loss": NaN, "_wandb": {"runtime": 118}}