train_loss,epoch,step,val_loss
0.002015026751394089,0,49,
,0,62,0.0005187482377327868
-0.0005793830472042849,1,99,
,1,125,0.0013947105946420528
-0.002308318533922993,2,149,
,2,188,0.0010547970640449869
-0.0013411078464575787,3,199,
-0.0025500773548725597,3,249,
,3,251,0.001590478917599487
-0.0038024889226639935,4,299,
,4,314,0.0012638739081156025
-0.0030425149353674463,5,349,
,5,377,0.0023547291367700183
